Account,Campaign,Negative keyword,Match type
789-424-2096,Notdienst Verstopfung,selber machen,Phrase
789-424-2096,Notdienst Verstopfung,selbst,Phrase
789-424-2096,Notdienst Verstopfung,diy,Exact
789-424-2096,Notdienst Verstopfung,hausmittel,Phrase
789-424-2096,Notdienst Verstopfung,youtube,Exact
789-424-2096,Notdienst Verstopfung,anleitung,Phrase
789-424-2096,Notdienst Verstopfung,tipps,Phrase
789-424-2096,Notdienst Verstopfung,kostenlos,Phrase
789-424-2096,Notdienst Verstopfung,gratis,Phrase
789-424-2096,Notdienst Verstopfung,job,Exact
789-424-2096,Notdienst Verstopfung,stellenangebot,Phrase
789-424-2096,Notdienst Verstopfung,ausbildung,Phrase
789-424-2096,Notdienst Verstopfung,berlin,Exact
789-424-2096,Notdienst Verstopfung,muenchen,Exact
789-424-2096,Notdienst Verstopfung,hamburg,Exact
789-424-2096,Notdienst Verstopfung,koeln,Exact
789-424-2096,Preisanfragen,selber machen,Phrase
789-424-2096,Preisanfragen,job,Exact
789-424-2096,Preisanfragen,gehalt,Exact
789-424-2096,Preisanfragen,ausbildung,Phrase
789-424-2096,Lokal Amberg,selber machen,Phrase
789-424-2096,Lokal Amberg,job,Exact
789-424-2096,Lokal Amberg,ausbildung,Phrase
789-424-2096,Lokal Amberg,nuernberg,Broad
789-424-2096,Lokal Amberg,fuerth,Broad
789-424-2096,Lokal Amberg,erlangen,Broad
789-424-2096,B2B Hausverwaltung,privat,Exact
789-424-2096,B2B Hausverwaltung,selber,Phrase
