Account,Campaign,Callout text,Status
789-424-2096,DE | Search | Rohrreinigung Amberg,24/7 Notdienst,Enabled
789-424-2096,DE | Search | Rohrreinigung Amberg,Schnelle Anfahrt,Enabled
789-424-2096,DE | Search | Rohrreinigung Amberg,5.0 Sterne Bewertung,Enabled
789-424-2096,DE | Search | Rohrreinigung Amberg,Kostenlose Diagnose,Enabled
789-424-2096,DE | Search | Rohrreinigung Amberg,Festpreis ab 79€,Enabled
789-424-2096,DE | Search | Rohrreinigung Amberg,Keine versteckten Kosten,Enabled
789-424-2096,DE | Search | Rohrreinigung Amberg,10+ Jahre Erfahrung,Enabled
789-424-2096,DE | Search | Rohrreinigung Amberg,Lokaler Fachbetrieb,Enabled
789-424-2096,DE | Search | Rohrreinigung Amberg,Rückruf in 2 Min,Enabled
789-424-2096,DE | Search | Rohrreinigung Amberg,Auch nachts & Wochenende,Enabled
789-424-2096,DE | Search | Rohrreinigung Amberg,2000+ Einsätze,Enabled
789-424-2096,DE | Search | Rohrreinigung Amberg,Saubere Arbeit,Enabled
789-424-2096,DE | Search | Rohrreinigung Amberg,Modernste Technik,Enabled
789-424-2096,DE | Search | Rohrreinigung Amberg,Faire Preise,Enabled
789-424-2096,DE | Search | Rohrreinigung Amberg,Amberg & Umgebung,Enabled
789-424-2096,DE | Search | Rohrreinigung Amberg,Professionell & Zuverlässig,Enabled
