Campaign,Ad Group,Keyword,Match Type,Final URL,Headline 1,Headline 2,Headline 3,Description 1,Description 2,Campaign Type,Campaign Budget,Bid Strategy
Rohrreinigung Notdienst 24/7,Rohr verstopft Notfall,rohrreinigung notdienst,Phrase,https://rohrreinigung-kraft-amberg.de,Rohrverstopfung? Sofort-Hilfe!,24/7 Notdienst Amberg,In 20-40 Min da,Professionelle Rohrreinigung rund um die Uhr. Faire Preise. Jetzt anrufen!,Lokaler Fachbetrieb ✓ Moderne Technik ✓ Keine versteckten Kosten ✓,Search,20,Maximize Conversions
Rohrreinigung Notdienst 24/7,Rohr verstopft Notfall,rohr verstopft notfall,Phrase,https://rohrreinigung-kraft-amberg.de,,,,,,,,
Rohrreinigung Notdienst 24/7,Rohr verstopft Notfall,abfluss verstopft notdienst,Phrase,https://rohrreinigung-kraft-amberg.de,,,,,,,,
Rohrreinigung Notdienst 24/7,Rohr verstopft Notfall,klempner notdienst amberg,Phrase,https://rohrreinigung-kraft-amberg.de,,,,,,,,
Rohrreinigung Notdienst 24/7,Rohr verstopft Notfall,toilette verstopft hilfe,Phrase,https://rohrreinigung-kraft-amberg.de,,,,,,,,
Rohrreinigung Notdienst 24/7,Rohr verstopft Notfall,verstopfung notdienst,Phrase,https://rohrreinigung-kraft-amberg.de,,,,,,,,
Rohrreinigung Notdienst 24/7,Rohr verstopft Notfall,24 stunden rohrreinigung,Phrase,https://rohrreinigung-kraft-amberg.de,,,,,,,,
Rohrreinigung Notdienst 24/7,Rohr verstopft Notfall,rohrreinigung sofort,Phrase,https://rohrreinigung-kraft-amberg.de,,,,,,,,
Rohrreinigung Notdienst 24/7,Rohr verstopft Notfall,notdienst abfluss,Phrase,https://rohrreinigung-kraft-amberg.de,,,,,,,,
Rohrreinigung Notdienst 24/7,Rohr verstopft Notfall,kanalreinigung notdienst,Phrase,https://rohrreinigung-kraft-amberg.de,,,,,,,,
Rohrreinigung Notdienst 24/7,Toilette verstopft,toilette verstopft,Phrase,https://rohrreinigung-kraft-amberg.de/service/toilette-verstopft,Toilette verstopft?,Schnelle Hilfe in Amberg,24/7 Notdienst,WC verstopft? Wir helfen professionell und ohne Schäden.,Faire Preise ✓ Schnelle Anfahrt ✓ Saubere Arbeit ✓,Search,20,Maximize Conversions
Rohrreinigung Notdienst 24/7,Toilette verstopft,wc verstopft,Phrase,https://rohrreinigung-kraft-amberg.de/service/toilette-verstopft,,,,,,,,
Rohrreinigung Notdienst 24/7,Toilette verstopft,toilette verstopfung,Phrase,https://rohrreinigung-kraft-amberg.de/service/toilette-verstopft,,,,,,,,
Rohrreinigung Notdienst 24/7,Toilette verstopft,klo verstopft amberg,Phrase,https://rohrreinigung-kraft-amberg.de/service/toilette-verstopft,,,,,,,,
Rohrreinigung Services,Rohrreinigung,rohrreinigung amberg,Phrase,https://rohrreinigung-kraft-amberg.de/service/rohrreinigung,Rohrreinigung Amberg,Professionell & Fair,Kostenlose Beratung,Rohrreinigung vom Fachbetrieb. Modernste Technik für alle Verstopfungen.,Termine nach Absprache ✓ Transparente Preise ✓ Lokaler Service ✓,Search,15,Maximize Conversions
Rohrreinigung Services,Rohrreinigung,rohrreinigung kuemmersbruck,Phrase,https://rohrreinigung-kraft-amberg.de/service/rohrreinigung,,,,,,,,
Rohrreinigung Services,Rohrreinigung,rohrreinigung sulzbach-rosenberg,Phrase,https://rohrreinigung-kraft-amberg.de/service/rohrreinigung,,,,,,,,
Rohrreinigung Services,Rohrreinigung,abflussreinigung,Phrase,https://rohrreinigung-kraft-amberg.de/service/rohrreinigung,,,,,,,,
Rohrreinigung Services,Rohrreinigung,rohr reinigen lassen,Phrase,https://rohrreinigung-kraft-amberg.de/service/rohrreinigung,,,,,,,,
Rohrreinigung Services,Rohrreinigung,verstopftes rohr,Phrase,https://rohrreinigung-kraft-amberg.de/service/rohrreinigung,,,,,,,,
Rohrreinigung Services,Kanalreinigung,kanalreinigung amberg,Phrase,https://rohrreinigung-kraft-amberg.de/service/kanalreinigung,Kanalreinigung Amberg,Hochdruck-Spülung,Jetzt Termin vereinbaren,Professionelle Kanalreinigung mit modernster Hochdrucktechnik. Schnell & gründlich.,TV-Inspektion möglich ✓ Wartungsverträge ✓ Faire Preise ✓,Search,15,Maximize Conversions
Rohrreinigung Services,Kanalreinigung,kanal reinigen,Phrase,https://rohrreinigung-kraft-amberg.de/service/kanalreinigung,,,,,,,,
Rohrreinigung Services,Kanalreinigung,kanalreinigung kosten,Phrase,https://rohrreinigung-kraft-amberg.de/service/kanalreinigung,,,,,,,,
Rohrreinigung Services,Kanalreinigung,hochdruckreinigung kanal,Phrase,https://rohrreinigung-kraft-amberg.de/service/kanalreinigung,,,,,,,,
Rohrreinigung Services,Kamera-Inspektion,kamerainspektion rohr,Phrase,https://rohrreinigung-kraft-amberg.de/service/kamera-inspektion,Rohr-Kamerainspektion,Schäden schnell finden,In Amberg & Umgebung,TV-Inspektion für Rohre & Kanäle. Präzise Schadensanalyse mit modernster Technik.,Dokumentation inklusive ✓ Sofortige Auswertung ✓,Search,15,Maximize Conversions
Rohrreinigung Services,Kamera-Inspektion,kanalinspektion,Phrase,https://rohrreinigung-kraft-amberg.de/service/kamera-inspektion,,,,,,,,
Rohrreinigung Services,Kamera-Inspektion,tv inspektion kanal,Phrase,https://rohrreinigung-kraft-amberg.de/service/kamera-inspektion,,,,,,,,
Rohrreinigung Services,Kamera-Inspektion,rohr kamera,Phrase,https://rohrreinigung-kraft-amberg.de/service/kamera-inspektion,,,,,,,,
Rohrreinigung Städte,Kümmersbruck,rohrreinigung kuemmersbruck,Phrase,https://rohrreinigung-kraft-amberg.de/kuemmersbruck,Rohrreinigung Kümmersbruck,Zuverlässiger Service,24/7 erreichbar,Rohrreinigung in Kümmersbruck & Umgebung. Lokaler Fachbetrieb.,Notdienst verfügbar ✓ Faire Preise ✓ Moderne Technik ✓,Search,10,Maximize Clicks
Rohrreinigung Städte,Kümmersbruck,abfluss verstopft kuemmersbruck,Phrase,https://rohrreinigung-kraft-amberg.de/kuemmersbruck,,,,,,,,
Rohrreinigung Städte,Sulzbach-Rosenberg,rohrreinigung sulzbach-rosenberg,Phrase,https://rohrreinigung-kraft-amberg.de/sulzbach-rosenberg,Rohrreinigung Sulzbach-Rosenberg,Zuverlässiger Service,24/7 erreichbar,Rohrreinigung in Sulzbach-Rosenberg & Umgebung. Lokaler Fachbetrieb.,Notdienst verfügbar ✓ Faire Preise ✓ Moderne Technik ✓,Search,10,Maximize Clicks
Rohrreinigung Städte,Sulzbach-Rosenberg,abfluss verstopft sulzbach-rosenberg,Phrase,https://rohrreinigung-kraft-amberg.de/sulzbach-rosenberg,,,,,,,,
Rohrreinigung Städte,Hahnbach,rohrreinigung hahnbach,Phrase,https://rohrreinigung-kraft-amberg.de/hahnbach,Rohrreinigung Hahnbach,Zuverlässiger Service,24/7 erreichbar,Rohrreinigung in Hahnbach & Umgebung. Lokaler Fachbetrieb.,Notdienst verfügbar ✓ Faire Preise ✓ Moderne Technik ✓,Search,10,Maximize Clicks
