Account,Campaign,Ad group,Keyword,Match type,Status
789-424-2096,Rohrreinigung Kraft,Verstopfung Notfall,[rohr verstopft],Exact,Enabled
789-424-2096,Rohrreinigung Kraft,Verstopfung Notfall,[rohr verstopft was tun],Exact,Enabled
789-424-2096,Rohrreinigung Kraft,Verstopfung Notfall,[rohr verstopft notdienst],Exact,Enabled
789-424-2096,Rohrreinigung Kraft,Verstopfung Notfall,[rohrverstopfung hilfe],Exact,Enabled
789-424-2096,Rohrreinigung Kraft,Verstopfung Notfall,[toilette verstopft],Exact,Enabled
789-424-2096,Rohrreinigung Kraft,Verstopfung Notfall,[toilette verstopft was tun],Exact,Enabled
789-424-2096,Rohrreinigung Kraft,Verstopfung Notfall,[toilette verstopft notdienst],Exact,Enabled
789-424-2096,Rohrreinigung Kraft,Verstopfung Notfall,[wc verstopft hilfe],Exact,Enabled
789-424-2096,Rohrreinigung Kraft,Verstopfung Notfall,[klo verstopft was tun],Exact,Enabled
789-424-2096,Rohrreinigung Kraft,Verstopfung Notfall,[abfluss verstopft],Exact,Enabled
789-424-2096,Rohrreinigung Kraft,Verstopfung Notfall,[abfluss verstopft was tun],Exact,Enabled
789-424-2096,Rohrreinigung Kraft,Verstopfung Notfall,[abfluss zu hilfe],Exact,Enabled
789-424-2096,Rohrreinigung Kraft,Verstopfung Notfall,[verstopfung notdienst],Exact,Enabled
789-424-2096,Rohrreinigung Kraft,Verstopfung Notfall,[rohrreinigung sofort],Exact,Enabled
789-424-2096,Rohrreinigung Kraft,Verstopfung Notfall,[rohrreinigung heute],Exact,Enabled
789-424-2096,Rohrreinigung Kraft,Verstopfung Notfall,[rohrreinigung jetzt],Exact,Enabled
789-424-2096,Rohrreinigung Kraft,Verstopfung Notfall,[rohrreinigung sonntag],Exact,Enabled
789-424-2096,Rohrreinigung Kraft,Verstopfung Notfall,[rohrreinigung samstag],Exact,Enabled
789-424-2096,Rohrreinigung Kraft,Verstopfung Notfall,[rohrreinigung nachts],Exact,Enabled
789-424-2096,Rohrreinigung Kraft,Verstopfung Notfall,[klempner notdienst],Exact,Enabled
789-424-2096,Rohrreinigung Kraft,Preise Kosten,[rohrreinigung festpreis],Exact,Enabled
789-424-2096,Rohrreinigung Kraft,Preise Kosten,[rohrreinigung faire preise],Exact,Enabled
789-424-2096,Rohrreinigung Kraft,Preise Kosten,[rohrreinigung ohne versteckte kosten],Exact,Enabled
789-424-2096,Rohrreinigung Kraft,Preise Kosten,[rohrreinigung preis vorher],Exact,Enabled
789-424-2096,Rohrreinigung Kraft,Preise Kosten,[rohrreinigung transparent],Exact,Enabled
789-424-2096,Rohrreinigung Kraft,Amberg Lokal,[rohrreinigung amberg],Exact,Enabled
789-424-2096,Rohrreinigung Kraft,Amberg Lokal,[rohrreinigung amberg notdienst],Exact,Enabled
789-424-2096,Rohrreinigung Kraft,Amberg Lokal,[rohrreinigung amberg heute],Exact,Enabled
789-424-2096,Rohrreinigung Kraft,Amberg Lokal,[notdienst amberg],Exact,Enabled
789-424-2096,Rohrreinigung Kraft,Amberg Lokal,[klempner amberg notdienst],Exact,Enabled
789-424-2096,Rohrreinigung Kraft,Amberg Lokal,[verstopfung amberg],Exact,Enabled
789-424-2096,Rohrreinigung Kraft,Amberg Lokal,[toilette verstopft amberg],Exact,Enabled
789-424-2096,Rohrreinigung Kraft,Amberg Lokal,[abfluss verstopft amberg],Exact,Enabled
789-424-2096,Rohrreinigung Kraft,Amberg Lokal,[rohrreinigung kuemmersbruck],Exact,Enabled
789-424-2096,Rohrreinigung Kraft,Amberg Lokal,[rohrreinigung sulzbach-rosenberg],Exact,Enabled
789-424-2096,Rohrreinigung Kraft,Amberg Lokal,[notdienst kuemmersbruck],Exact,Enabled
789-424-2096,Rohrreinigung Kraft,Amberg Lokal,[notdienst sulzbach-rosenberg],Exact,Enabled
789-424-2096,Rohrreinigung Kraft,Hausverwaltung B2B,[rohrreinigung hausverwaltung],Exact,Enabled
789-424-2096,Rohrreinigung Kraft,Hausverwaltung B2B,[rohrreinigung mehrfamilienhaus],Exact,Enabled
789-424-2096,Rohrreinigung Kraft,Hausverwaltung B2B,[rohrreinigung gewerbe],Exact,Enabled
789-424-2096,Rohrreinigung Kraft,Hausverwaltung B2B,[kanalreinigung hausverwaltung],Exact,Enabled
